Date,Store,Platform,Availability%,Serviceability%,KPT,Cancellation%,Rating,Review Count
2026-08-18,Ardee Mall,Swiggy,,,,,4.2,5000
2026-08-18,Ambience Mall,Swiggy,,,,,4.3,616
2026-08-18,"Promenade Mall, Vasant Kunj",Swiggy,,,,,4.3,2900
2026-08-18,DLF Mall of India,Swiggy,,,,,4.5,2300
2026-08-18,Nexus Select CityWalk Mall,Swiggy,,,,,4.3,3800
2026-08-18,Worldmark 1 (Aerocity),Swiggy,,,,,4.8,501
2026-08-18,Worldmark Sec-65,Swiggy,,,,,4.3,434
2026-08-18,GK1,Swiggy,,,,,4.3,2500
2026-08-18,Dwarka,Swiggy,,,,,4.2,196
2026-08-18,Model Town,Swiggy,,,,,4.6,1600
2026-08-18,Vasant Kunj,Swiggy,,,,,4.0,122
2026-08-18,Sohna Road,Swiggy,,,,,,
2026-08-18,Udyog Vihar Kitchen,Swiggy,,,,,4.1,109
2026-08-18,Mayur Vihar,Swiggy,,,,,4.1,151
2026-08-18,Gaur City,Swiggy,,,,,4.1,114
2026-08-18,Alpha 2,Swiggy,,,,,4.2,154
2026-08-18,Dilshad Garden,Swiggy,,,,,3.5,124
2026-08-18,Sector 31,Swiggy,,,,,4.1,102
2026-08-18,Rohini Kitchen,Swiggy,,,,,4.1,150
2026-08-18,Saket,Swiggy,,,,,4.2,182
2026-08-18,Sector 10,Swiggy,,,,,4.1,113
2026-08-18,Hauz Khas,Swiggy,,,,,3.9,198
2026-08-18,Sector 49,Swiggy,,,,,4.2,175
2026-08-18,Sector 63,Swiggy,,,,,3.9,109
2026-08-18,Vasundhra,Swiggy,,,,,4.1,119
2026-08-18,Janakpuri,Swiggy,,,,,4.3,133
2026-08-18,Shipra Mall,Swiggy,,,,,4.3,626
2026-08-18,Pacific Mall NSP,Swiggy,,,,,4.3,82
2026-08-18,Kamla Nagar,Swiggy,,,,,4.1,718
2026-08-18,Sector 15A,Swiggy,,,,,4.1,43
2026-08-18,Sikandarpur,Swiggy,,,,,3.9,76
2026-08-18,Malviya Nagar,Swiggy,,,,,4.1,75
2026-08-18,Punjabi Bagh,Swiggy,,,,,4.1,61
2026-08-18,Noida Sec 51,Swiggy,,,,,3.3,41
2026-08-18,Noida 141,Swiggy,,,,,3.7,58
2026-08-18,IRIS Broadway Mall,Swiggy,,,,,4.4,84
2026-08-18,KLJ Square,Swiggy,,,,,4.2,18
2026-08-18,Elan Miracle,Swiggy,,,,,4.2,2
2026-08-18,Omaxe Chandni Chowk,Swiggy,,,,,4.2,2
2026-08-18,Ardee Mall,Zomato,,,,,4.1,7628
2026-08-18,Ambience Mall,Zomato,,,,,4.1,831
2026-08-18,"Promenade Mall, Vasant Kunj",Zomato,,,,,4.2,3431
2026-08-18,DLF Mall of India,Zomato,,,,,4.1,1534
2026-08-18,Nexus Select CityWalk Mall,Zomato,,,,,4.0,5335
2026-08-18,Worldmark 1 (Aerocity),Zomato,,,,,4.2,765
2026-08-18,Worldmark Sec-65,Zomato,,,,,4.1,955
2026-08-18,GK1,Zomato,,,,,4.3,4055
2026-08-18,Dwarka,Zomato,,,,,4.2,383
2026-08-18,Model Town,Zomato,,,,,4.1,304
2026-08-18,Vasant Kunj,Zomato,,,,,3.8,256
2026-08-18,Sohna Road,Zomato,,,,,4.0,464
2026-08-18,Udyog Vihar Kitchen,Zomato,,,,,4.0,274
2026-08-18,Mayur Vihar,Zomato,,,,,3.8,281
2026-08-18,Gaur City,Zomato,,,,,3.7,208
2026-08-18,Alpha 2,Zomato,,,,,4.0,389
2026-08-18,Dilshad Garden,Zomato,,,,,3.7,203
2026-08-18,Sector 31,Zomato,,,,,4.1,216
2026-08-18,Rohini Kitchen,Zomato,,,,,4.1,230
2026-08-18,Saket,Zomato,,,,,4.1,519
2026-08-18,Sector 10,Zomato,,,,,3.9,213
2026-08-18,Hauz Khas,Zomato,,,,,3.7,462
2026-08-18,Sector 49,Zomato,,,,,4.1,366
2026-08-18,Sector 63,Zomato,,,,,3.7,154
2026-08-18,Vasundhra,Zomato,,,,,3.9,175
2026-08-18,Janakpuri,Zomato,,,,,3.9,207
2026-08-18,Shipra Mall,Zomato,,,,,3.9,160
2026-08-18,Pacific Mall NSP,Zomato,,,,,3.9,94
2026-08-18,Kamla Nagar,Zomato,,,,,4.1,1419
2026-08-18,Sector 15A,Zomato,,,,,4.0,196
2026-08-18,Sikandarpur,Zomato,,,,,3.8,221
2026-08-18,Malviya Nagar,Zomato,,,,,3.9,193
2026-08-18,Punjabi Bagh,Zomato,,,,,4.1,134
2026-08-18,Noida Sec 51,Zomato,,,,,3.7,123
2026-08-18,Noida 141,Zomato,,,,,3.7,178
2026-08-18,IRIS Broadway Mall,Zomato,,,,,4.1,271
2026-08-18,KLJ Square,Zomato,,,,,4.2,72
2026-08-18,Elan Miracle,Zomato,,,,,2.3,3
2026-08-18,Omaxe Chandni Chowk,Zomato,,,,,,
2026-09-29,Ardee Mall,Swiggy,,,,,4.3,5100
2026-09-29,Ardee Mall,Zomato,,,,,4.2,7709
2026-09-29,Ambience Mall,Swiggy,,,,,4.1,629
2026-09-29,Ambience Mall,Zomato,,,,,4.2,844
2026-09-29,"Promenade Mall, Vasant Kunj",Swiggy,,,,,4.3,2900
2026-09-29,"Promenade Mall, Vasant Kunj",Zomato,,,,,4.3,3457
2026-09-29,DLF Mall of India,Swiggy,,,,,4.3,2300
2026-09-29,DLF Mall of India,Zomato,,,,,4.1,1541
2026-09-29,Nexus Select CityWalk Mall,Swiggy,,,,,4.3,3800
2026-09-29,Nexus Select CityWalk Mall,Zomato,,,,,4.1,5377
2026-09-29,Worldmark 1 (Aerocity),Swiggy,,,,,4.7,521
2026-09-29,Worldmark 1 (Aerocity),Zomato,,,,,4.2,781
2026-09-29,Worldmark Sec-65,Swiggy,,,,,4.3,444
2026-09-29,Worldmark Sec-65,Zomato,,,,,4.1,995
2026-09-29,GK1,Swiggy,,,,,4.3,2500
2026-09-29,GK1,Zomato,,,,,4.3,4105
2026-09-29,Dwarka,Swiggy,,,,,4.1,209
2026-09-29,Dwarka,Zomato,,,,,4.2,424
2026-09-29,Model Town,Swiggy,,,,,4,190
2026-09-29,Model Town,Zomato,,,,,4.1,338
2026-09-29,Vasant Kunj,Swiggy,,,,,4,131
2026-09-29,Vasant Kunj,Zomato,,,,,3.8,292
2026-09-29,Sohna Road,Swiggy,,,,,4.4,194
2026-09-29,Sohna Road,Zomato,,,,,4,502
2026-09-29,Udyog Vihar Kitchen,Swiggy,,,,,3.8,117
2026-09-29,Udyog Vihar Kitchen,Zomato,,,,,3.9,300
2026-09-29,Mayur Vihar,Swiggy,,,,,4.1,165
2026-09-29,Mayur Vihar,Zomato,,,,,3.8,302
2026-09-29,Gaur City,Swiggy,,,,,3.9,118
2026-09-29,Gaur City,Zomato,,,,,3.7,224
2026-09-29,Alpha 2,Swiggy,,,,,4.2,166
2026-09-29,Alpha 2,Zomato,,,,,4,425
2026-09-29,Dilshad Garden,Swiggy,,,,,,0
2026-09-29,Dilshad Garden,Zomato,,,,,3.7,204
2026-09-29,Sector 31,Swiggy,,,,,4,107
2026-09-29,Sector 31,Zomato,,,,,4.2,242
2026-09-29,Rohini Kitchen,Swiggy,,,,,4.1,167
2026-09-29,Rohini Kitchen,Zomato,,,,,4,244
2026-09-29,Saket,Swiggy,,,,,4.1,197
2026-09-29,Saket,Zomato,,,,,4.1,573
2026-09-29,Sector 10,Swiggy,,,,,4.2,120
2026-09-29,Sector 10,Zomato,,,,,3.8,235
2026-09-29,Hauz Khas,Swiggy,,,,,3.9,218
2026-09-29,Hauz Khas,Zomato,,,,,3.6,508
2026-09-29,Sector 49,Swiggy,,,,,4.1,179
2026-09-29,Sector 49,Zomato,,,,,4,402
2026-09-29,Sector 63,Swiggy,,,,,3.9,116
2026-09-29,Sector 63,Zomato,,,,,3.7,166
2026-09-29,Vasundhra,Swiggy,,,,,3.9,126
2026-09-29,Vasundhra,Zomato,,,,,3.8,187
2026-09-29,Janakpuri,Swiggy,,,,,4.2,141
2026-09-29,Janakpuri,Zomato,,,,,3.9,235
2026-09-29,Shipra Mall,Swiggy,,,,,4.4,635
2026-09-29,Shipra Mall,Zomato,,,,,4,188
2026-09-29,Pacific Mall NSP,Swiggy,,,,,4.2,86
2026-09-29,Pacific Mall NSP,Zomato,,,,,4,109
2026-09-29,Kamla Nagar,Swiggy,,,,,4.1,745
2026-09-29,Kamla Nagar,Zomato,,,,,4.1,1482
2026-09-29,Sector 15A,Swiggy,,,,,4.2,46
2026-09-29,Sector 15A,Zomato,,,,,4,208
2026-09-29,Sikandarpur,Swiggy,,,,,3.7,81
2026-09-29,Sikandarpur,Zomato,,,,,3.8,255
2026-09-29,Malviya Nagar,Swiggy,,,,,4.1,83
2026-09-29,Malviya Nagar,Zomato,,,,,3.8,226
2026-09-29,Punjabi Bagh,Swiggy,,,,,4.1,67
2026-09-29,Punjabi Bagh,Zomato,,,,,4.1,151
2026-09-29,Noida Sec 51,Swiggy,,,,,3.3,45
2026-09-29,Noida Sec 51,Zomato,,,,,3.7,151
2026-09-29,Noida 141,Swiggy,,,,,3.8,66
2026-09-29,Noida 141,Zomato,,,,,3.7,186
2026-09-29,IRIS Broadway Mall,Swiggy,,,,,4.3,93
2026-09-29,IRIS Broadway Mall,Zomato,,,,,4.1,313
2026-09-29,KLJ Square,Swiggy,,,,,4.1,23
2026-09-29,KLJ Square,Zomato,,,,,4.2,87
2026-09-29,Elan Miracle,Swiggy,,,,,4.1,3
2026-09-29,Elan Miracle,Zomato,,,,,3,3
2026-09-29,Omaxe Chandni Chowk,Swiggy,,,,,4.2,5
2026-09-29,Omaxe Chandni Chowk,Zomato,,,,,,0
2026-09-29,Ardee Mall,Google,,,,,4.1,128
2026-09-29,Ambience Mall,Google,,,,,3.9,116
2026-09-29,"Promenade Mall, Vasant Kunj",Google,,,,,4.0,111
2026-09-29,DLF Mall of India,Google,,,,,3.9,235
2026-09-29,Worldmark 1 (Aerocity),Google,,,,,4.4,172
2026-09-29,Worldmark Sec-65,Google,,,,,4.3,43
2026-09-29,Nexus Select CityWalk Mall,Google,,,,,4.2,159
2026-09-29,Shipra Mall,Google,,,,,4.6,22
2026-09-29,Pacific Mall NSP,Google,,,,,5.0,37
2026-09-29,IRIS Broadway Mall,Google,,,,,4.7,26
2026-09-29,KLJ Square,Google,,,,,4.8,74
2026-09-29,Elan Miracle,Google,,,,,5.0,1
2026-09-29,Omaxe Chandni Chowk,Google,,,,,5.0,1
2026-09-29,Pacific Tagore Garden Mall,Google,,,,,5.0,14
2026-09-29,GIP Mall,Google,,,,,5.0,1
2026-09-29,Karol Bagh,Google,,,,,4.8,57
