Store,Opens,Closes
Ardee Mall,,
Ambience Mall,,
"Promenade Mall, Vasant Kunj",,
DLF Mall of India,,
Nexus Select CityWalk Mall,,
Worldmark 1 (Aerocity),,
Worldmark Sec-65,,
GK1,,
Dwarka,,
Model Town,,
Vasant Kunj,,
Sohna Road,,
Udyog Vihar Kitchen,,
Mayur Vihar,,
Gaur City,,
Alpha 2,,
Dilshad Garden,,
Sector 31,,
Rohini Kitchen,,
Saket,,
Sector 10,,
Hauz Khas,,
Sector 49,,
Sector 63,,
Vasundhra,,
Janakpuri,,
Shipra Mall,,
Pacific Mall NSP,,
Kamla Nagar,,
Sector 15A,,
Sikandarpur,,
Malviya Nagar,,
Punjabi Bagh,,
Noida Sec 51,,
Noida 141,,
IRIS Broadway Mall,,
KLJ Square,,
Elan Miracle,,
Omaxe Chandni Chowk,,
